City_ID,City,Country,Date,Lat,Lng,Max Temp,Humidity,Cloudiness,Wind Speed
0,Ust-Uda,RU,2021-06-04 19:15:51,54.1742,103.0304,59.9,74,100,3.8
1,Mar Del Plata,AR,2021-06-04 19:15:44,-38.0023,-57.5575,62.1,67,0,1.99
2,Butaritari,KI,2021-06-04 19:15:51,3.0707,172.7902,82.44,67,83,3.11
3,Mataura,NZ,2021-06-04 19:15:52,-46.1927,168.8643,49.48,91,100,5.21
4,Boddam,GB,2021-06-04 19:15:52,57.4667,-1.7833,62.44,82,93,14.03
5,Hithadhoo,MV,2021-06-04 19:15:52,-0.6,73.0833,81.79,78,100,14.85
6,Naze,JP,2021-06-04 19:15:53,28.3667,129.4833,72.23,92,100,4.16
7,Borogontsy,RU,2021-06-04 19:15:53,62.6683,131.1683,57.33,60,58,5.68
8,Pisco,PE,2021-06-04 19:14:43,-13.7,-76.2167,66.25,68,0,12.66
9,Hobyo,SO,2021-06-04 19:15:53,5.3505,48.5268,78.89,86,8,23.42
10,Hobart,AU,2021-06-04 19:15:40,-42.8794,147.3294,44.06,77,100,5.01
11,Labuhan,ID,2021-06-04 19:15:54,-6.8844,112.2051,78.42,88,7,6.87
12,Plainview,US,2021-06-04 19:15:54,40.7765,-73.4673,81.48,83,1,8.05
13,Bredasdorp,ZA,2021-06-04 19:15:54,-34.5322,20.0403,45.72,93,12,4.52
14,Rovaniemi,FI,2021-06-04 19:15:55,66.5,25.7167,67.41,42,0,12.66
15,Makakilo City,US,2021-06-04 19:13:42,21.3469,-158.0858,79.12,67,40,10.36
16,Bluff,NZ,2021-06-04 19:15:55,-46.6,168.3333,49.8,80,100,14.94
17,Tiksi,RU,2021-06-04 19:15:55,71.6872,128.8694,39.88,95,100,7.45
18,Kahului,US,2021-06-04 19:15:37,20.8947,-156.47,82.98,61,40,19.57
19,Padang,ID,2021-06-04 19:15:56,-0.9492,100.3543,75.9,92,99,3.06
20,Georgetown,MY,2021-06-04 19:15:10,5.4112,100.3354,82.89,79,40,5.84
21,Port Elizabeth,ZA,2021-06-04 19:15:56,-33.918,25.5701,51.1,87,20,4.61
22,Pangai,TO,2021-06-04 19:15:57,-19.8,-174.35,73.51,73,40,8.05
23,Nanortalik,GL,2021-06-04 19:15:57,60.1432,-45.2371,40.14,69,100,14.0
24,Hasaki,JP,2021-06-04 19:15:57,35.7333,140.8333,66.6,93,100,12.8
25,Mattru,SL,2021-06-04 19:15:57,7.6244,-11.8332,78.53,91,100,5.66
26,Waingapu,ID,2021-06-04 19:15:58,-9.6567,120.2641,75.99,89,80,5.26
27,Rikitea,PF,2021-06-04 19:15:58,-23.1203,-134.9692,73.94,78,56,12.37
28,Pimentel,PE,2021-06-04 19:15:58,-6.8367,-79.9342,75.49,78,0,5.01
29,Luderitz,NA,2021-06-04 19:15:59,-26.6481,15.1594,67.89,41,0,3.85
30,Klaksvik,FO,2021-06-04 19:15:59,62.2266,-6.589,49.12,93,70,16.98
31,Bereda,ES,2021-06-04 19:15:59,43.2686,-7.5406,61.41,77,0,5.12
32,Karakol,KG,2021-06-04 19:16:00,42.4907,78.3936,56.48,63,100,2.3
33,Kenora,CA,2021-06-04 19:12:10,49.8167,-94.4337,91.38,24,58,15.3
34,Ponta Do Sol,PT,2021-06-04 19:16:00,32.6667,-17.1,68.72,64,65,4.36
35,Wewak,PG,2021-06-04 19:16:00,-3.5534,143.6268,79.65,81,100,1.54
36,Victoria,HK,2021-06-04 19:12:16,22.2855,114.1577,80.94,85,100,3.0
37,Alofi,NU,2021-06-04 19:16:01,-19.0595,-169.9187,73.29,100,85,10.36
38,Pevek,RU,2021-06-04 19:16:01,69.7008,170.3133,42.01,59,100,11.25
39,Tiznit,MA,2021-06-04 19:16:02,29.5833,-9.5,60.69,74,24,8.61
40,Bijar,IR,2021-06-04 19:16:02,35.8668,47.6051,65.1,23,0,6.4
41,Port Alfred,ZA,2021-06-04 19:16:02,-33.5906,26.891,55.71,63,0,8.25
42,Gold Coast,AU,2021-06-04 19:16:03,-28.0,153.4333,57.0,78,67,6.08
43,Severo-Yeniseyskiy,RU,2021-06-04 19:16:03,60.3725,93.0408,32.4,83,11,2.64
44,Lebu,CL,2021-06-04 19:16:04,-37.6167,-73.65,54.48,77,100,7.94
45,Kirakira,SB,2021-06-04 19:16:04,-10.4544,161.9205,79.68,83,40,4.52
46,Shetpe,KZ,2021-06-04 19:16:05,44.1667,52.1167,71.74,40,0,17.0
47,Busselton,AU,2021-06-04 19:16:05,-33.65,115.3333,55.09,83,85,8.1
48,Punta Arenas,CL,2021-06-04 19:16:05,-53.15,-70.9167,37.51,93,90,1.9
49,Provideniya,RU,2021-06-04 19:16:06,64.3833,-173.3,36.03,66,38,5.1
50,Atuona,PF,2021-06-04 19:16:06,-9.8,-139.0333,79.56,80,27,18.72
51,Carauari,BR,2021-06-04 19:16:06,-4.8828,-66.8958,89.15,55,91,2.53
52,Portland,US,2021-06-04 19:13:36,45.5234,-122.6762,74.62,40,40,1.01
53,Gazli,UZ,2021-06-04 19:16:07,40.1333,63.45,96.78,11,41,4.72
54,Grand-Santi,GF,2021-06-04 19:16:07,4.25,-54.3833,87.1,60,79,4.16
55,Yellowknife,CA,2021-06-04 19:15:10,62.456,-114.3525,48.33,100,90,4.61
56,Tuatapere,NZ,2021-06-04 19:16:07,-46.1333,167.6833,49.82,84,100,8.72
57,Longyearbyen,SJ,2021-06-04 19:16:08,78.2186,15.6401,31.84,80,75,19.57
58,Sao Joao Da Barra,BR,2021-06-04 19:16:08,-21.6403,-41.0511,80.69,77,0,7.87
59,Chuguyevka,RU,2021-06-04 19:16:08,44.1653,133.8633,51.01,89,100,1.57
60,Srednekolymsk,RU,2021-06-04 19:16:09,67.45,153.6833,62.92,34,100,12.59
61,Umm Kaddadah,SD,2021-06-04 19:16:09,13.6017,26.6876,84.99,41,100,7.14
62,Atasu,KZ,2021-06-04 19:16:09,48.6814,71.6433,45.05,65,0,20.67
63,Albany,US,2021-06-04 19:12:50,42.6001,-73.9662,80.8,63,100,4.52
64,Nizhniy Odes,RU,2021-06-04 19:16:10,63.6445,54.856,60.46,55,42,4.03
65,Broome,US,2021-06-04 19:16:10,42.2506,-75.833,81.63,59,40,1.99
66,Mahebourg,MU,2021-06-04 19:16:10,-20.4081,57.7,71.26,100,75,3.44
67,Umarkot,PK,2021-06-04 19:16:11,25.3616,69.7362,88.12,56,0,15.12
68,Deloraine,AU,2021-06-04 19:16:11,-41.5333,146.6667,38.7,89,100,2.77
69,La Ronge,CA,2021-06-04 19:16:11,55.1001,-105.2842,77.22,29,20,6.91
70,Bengkulu,ID,2021-06-04 19:16:12,-3.8004,102.2655,75.29,91,86,4.05
71,Bakchar,RU,2021-06-04 19:16:12,57.0186,82.0711,45.79,64,74,12.28
72,Yelizovo,RU,2021-06-04 19:16:13,53.1873,158.3805,51.94,54,100,6.71
73,Saint-Philippe,RE,2021-06-04 19:16:13,-21.3585,55.7679,74.75,83,47,12.26
74,Beringovskiy,RU,2021-06-04 19:16:13,63.05,179.3167,35.83,87,95,2.26
75,Ust-Kuyga,RU,2021-06-04 19:16:13,70.0167,135.6,58.66,71,100,2.75
76,Chuy,UY,2021-06-04 19:16:14,-33.6971,-53.4616,66.79,89,66,6.35
77,Codrington,AU,2021-06-04 19:16:14,-38.2667,141.9667,42.96,78,100,12.5
78,Kodiak,US,2021-06-04 19:16:14,57.79,-152.4072,56.71,47,1,10.36
79,Tortoli,IT,2021-06-04 19:16:15,39.9256,9.6572,69.82,83,0,17.27
80,Aleksandrov Gay,RU,2021-06-04 19:16:15,50.147,48.5704,58.91,78,70,7.34
81,Saint George,US,2021-06-04 19:16:15,37.1041,-113.5841,104.47,13,1,4.0
82,Carballo,ES,2021-06-04 19:16:16,43.213,-8.691,65.01,74,0,5.66
83,Sao Filipe,CV,2021-06-04 19:16:16,14.8961,-24.4956,75.65,70,51,12.33
84,Athabasca,CA,2021-06-04 19:16:16,54.7169,-113.2854,73.22,41,100,3.24
85,At-Bashi,KG,2021-06-04 19:16:17,41.1702,75.8106,53.8,67,21,2.26
86,Saskylakh,RU,2021-06-04 19:16:17,71.9167,114.0833,33.66,92,100,8.3
87,East London,ZA,2021-06-04 19:16:18,-33.0153,27.9116,58.19,57,12,6.44
88,Zaranj,AF,2021-06-04 19:16:18,30.9667,61.8833,94.96,7,0,22.46
89,Ushuaia,AR,2021-06-04 19:11:58,-54.8,-68.3,35.26,87,20,4.61
90,New Norfolk,AU,2021-06-04 19:16:18,-42.7826,147.0587,44.58,78,100,1.01
91,Cape Town,ZA,2021-06-04 19:12:01,-33.9258,18.4232,58.1,81,100,3.0
92,Nantucket,US,2021-06-04 19:15:31,41.2835,-70.0995,65.97,99,90,12.66
93,Dikson,RU,2021-06-04 19:16:19,73.5069,80.5464,29.86,97,100,16.64
94,Katsuura,JP,2021-06-04 19:16:19,35.1333,140.3,70.11,90,100,10.2
95,Bambous Virieux,MU,2021-06-04 19:16:20,-20.3428,57.7575,71.22,100,75,18.95
96,Puerto Ayora,EC,2021-06-04 19:16:20,-0.7393,-90.3518,80.56,84,78,7.0
97,Hovd,MN,2021-06-04 19:16:20,48.0056,91.6419,67.15,40,94,9.8
98,Vaini,TO,2021-06-04 19:16:20,-21.2,-175.2,71.76,83,40,2.3
99,Port Hedland,AU,2021-06-04 19:16:21,-20.3167,118.5667,69.85,46,90,9.22
100,Souillac,MU,2021-06-04 19:16:21,-20.5167,57.5167,71.37,100,75,16.89
101,Zabid,YE,2021-06-04 19:16:21,14.1951,43.3152,94.39,37,100,6.44
102,Ambilobe,MG,2021-06-04 19:16:22,-13.2,49.05,71.19,90,10,2.68
103,Ancud,CL,2021-06-04 19:16:22,-41.8697,-73.8203,49.53,80,84,9.33
104,Matay,EG,2021-06-04 19:16:22,28.419,30.7792,78.84,27,0,21.09
105,Maxixe,MZ,2021-06-04 19:16:23,-23.8597,35.3472,63.23,83,65,13.0
106,Kichera,RU,2021-06-04 19:16:23,55.9375,110.0997,54.37,56,7,0.96
107,Mookane,BW,2021-06-04 19:16:23,-23.688,26.6595,53.37,38,2,6.8
108,Namatanai,PG,2021-06-04 19:16:24,-3.6667,152.4333,79.38,84,65,4.74
109,Qaanaaq,GL,2021-06-04 19:16:24,77.484,-69.3632,35.19,79,30,1.54
110,Laguna,US,2021-06-04 19:16:24,38.421,-121.4238,96.21,41,1,3.0
111,Lagos,NG,2021-06-04 19:15:25,6.5833,3.75,82.72,81,87,6.35
112,Ribeira Grande,PT,2021-06-04 19:16:25,38.5167,-28.7,66.6,77,40,12.66
113,Chapais,CA,2021-06-04 19:16:25,49.7834,-74.8492,67.78,27,100,6.26
114,Kalaleh,IR,2021-06-04 19:16:25,37.3807,55.4916,73.94,65,100,4.41
115,Lashio,MM,2021-06-04 19:16:26,22.9333,97.75,67.64,98,93,1.3
116,Aqtobe,KZ,2021-06-04 19:11:34,50.2797,57.2072,64.49,39,40,11.18
117,Hermanus,ZA,2021-06-04 19:16:26,-34.4187,19.2345,56.89,84,17,10.27
118,Faanui,PF,2021-06-04 19:16:26,-16.4833,-151.75,80.02,76,41,9.55
119,Tuktoyaktuk,CA,2021-06-04 19:16:27,69.4541,-133.0374,37.4,100,90,9.22
120,Ust-Omchug,RU,2021-06-04 19:16:27,61.15,149.6333,43.68,88,100,5.5
121,Gallup,US,2021-06-04 19:13:29,35.5281,-108.7426,85.84,17,1,4.0
122,Esperance,AU,2021-06-04 19:16:28,-33.8667,121.9,56.41,67,42,13.27
123,Arica,CL,2021-06-04 19:16:28,-18.475,-70.3042,72.95,63,0,7.43
124,Kruisfontein,ZA,2021-06-04 19:16:28,-34.0033,24.7314,48.88,74,0,5.14
125,Arraial Do Cabo,BR,2021-06-04 19:16:29,-22.9661,-42.0278,80.56,83,0,14.97
126,Kingston,JM,2021-06-04 19:14:54,17.997,-76.7936,84.2,50,63,4.85
127,Fortuna,US,2021-06-04 19:16:29,40.5982,-124.1573,81.48,87,90,8.05
128,Port Blair,IN,2021-06-04 19:16:29,11.6667,92.75,83.26,78,100,6.06
129,Disraeli,CA,2021-06-04 19:16:30,45.9001,-71.3491,76.48,54,6,8.99
130,Bang Saphan,TH,2021-06-04 19:16:30,11.2126,99.5117,79.43,90,97,4.92
131,Coquimbo,CL,2021-06-04 19:16:30,-29.9533,-71.3436,58.73,88,90,3.51
132,Jamestown,US,2021-06-04 19:14:46,42.097,-79.2353,76.3,64,1,13.8
133,Trincomalee,LK,2021-06-04 19:16:31,8.5711,81.2335,80.69,77,99,13.18
134,Bosobolo,CD,2021-06-04 19:16:31,4.1833,19.9,69.08,96,100,2.68
135,Guerrero Negro,MX,2021-06-04 19:15:20,27.9769,-114.0611,77.27,42,0,11.88
136,Videira,BR,2021-06-04 19:16:31,-27.0083,-51.1517,75.02,57,0,4.34
137,Pemangkat,ID,2021-06-04 19:16:32,1.1667,108.9667,79.34,83,100,2.95
138,Elva,EE,2021-06-04 19:16:32,58.2225,26.4211,66.34,67,40,2.62
139,San Cristobal,VE,2021-06-04 19:16:32,7.7669,-72.225,78.98,51,71,6.76
140,Nkhata Bay,MW,2021-06-04 19:16:33,-11.6066,34.2907,72.03,78,73,5.03
141,Asau,RO,2021-06-04 19:16:33,46.4333,26.4,59.4,77,23,4.09
142,Yar-Sale,RU,2021-06-04 19:16:33,66.8333,70.8333,49.1,56,100,5.7
143,Umm Bab,QA,2021-06-04 19:16:34,25.2142,50.8072,91.08,58,0,9.15
144,Oussouye,SN,2021-06-04 19:16:34,12.485,-16.5469,89.78,63,7,11.36
145,Lompoc,US,2021-06-04 19:16:34,34.6391,-120.4579,87.01,71,40,4.0
146,Buala,SB,2021-06-04 19:16:35,-8.145,159.5921,80.47,82,100,4.99
147,Woodward,US,2021-06-04 19:16:35,36.4337,-99.3904,87.03,41,40,12.21
148,Gobabis,NA,2021-06-04 19:16:35,-22.45,18.9667,52.3,38,0,10.85
149,Pangnirtung,CA,2021-06-04 19:16:36,66.1451,-65.7125,39.2,60,90,14.97
150,Haines Junction,CA,2021-06-04 19:16:36,60.7522,-137.5108,55.35,33,12,4.61
151,San Vicente,AR,2021-06-04 19:16:36,-26.6167,-54.1333,81.36,38,0,4.63
152,Rocha,UY,2021-06-04 19:16:37,-34.4833,-54.3333,67.82,91,100,5.19
153,Didwana,IN,2021-06-04 19:16:37,27.4,74.5667,90.57,31,26,8.16
154,Salalah,OM,2021-06-04 19:16:38,17.0151,54.0924,82.49,83,40,3.44
155,Dumas,US,2021-06-04 19:16:38,35.8656,-101.9732,83.62,39,1,17.27
156,Leningradskiy,RU,2021-06-04 19:16:38,69.3833,178.4167,30.36,84,79,8.66
157,Izmit,TR,2021-06-04 19:12:37,40.7669,29.9169,64.58,94,20,1.63
158,Tommot,RU,2021-06-04 19:16:39,58.9564,126.2925,51.24,75,7,3.15
159,Santa Cruz Del Sur,CU,2021-06-04 19:16:39,20.7147,-77.9956,84.94,63,12,4.34
160,Hull,GB,2021-06-04 19:16:39,53.7446,-0.3353,64.53,81,90,4.16
161,Chicama,PE,2021-06-04 19:16:39,-7.8447,-79.1469,66.74,59,86,9.93
162,Saint-Georges,GD,2021-06-04 19:16:40,12.0564,-61.7485,83.88,79,20,18.41
163,Saldanha,ZA,2021-06-04 19:16:40,-33.0117,17.9442,59.09,67,100,8.05
164,Samana,DO,2021-06-04 19:16:40,19.2056,-69.3369,86.22,74,75,4.61
165,Cidreira,BR,2021-06-04 19:16:41,-30.1811,-50.2056,68.85,72,11,7.81
166,Tasiilaq,GL,2021-06-04 19:16:41,65.6145,-37.6368,41.16,85,100,4.21
167,Independence,US,2021-06-04 19:16:41,39.0911,-94.4155,86.04,55,40,3.0
168,Sterling,US,2021-06-04 19:16:42,39.0062,-77.4286,86.34,54,40,1.01
169,Ekuvukeni,ZA,2021-06-04 19:16:42,-28.4675,30.1551,44.24,76,0,2.33
170,Baruun-Urt,MN,2021-06-04 19:16:42,46.6806,113.2792,54.03,64,7,8.1
171,Zhigansk,RU,2021-06-04 19:16:43,66.7697,123.3711,50.13,52,93,17.67
172,Avdon,RU,2021-06-04 19:16:43,54.6667,55.7167,54.25,54,0,7.29
173,Aswan,EG,2021-06-04 19:16:44,24.0934,32.907,88.84,15,0,21.5
174,Chokurdakh,RU,2021-06-04 19:16:44,70.6333,147.9167,50.77,87,100,4.61
175,Cabo San Lucas,MX,2021-06-04 19:16:44,22.8909,-109.9124,97.81,51,1,12.66
176,Cururupu,BR,2021-06-04 19:16:45,-1.8283,-44.8683,84.92,63,9,6.33
177,Northam,GB,2021-06-04 19:16:45,51.0333,-4.2167,62.22,76,8,4.85
178,San Rafael Del Sur,NI,2021-06-04 19:16:45,11.8485,-86.4384,92.37,34,8,12.97
179,Linxia,CN,2021-06-04 19:16:46,35.6003,103.2064,55.35,35,0,5.08
180,Cockburn Town,TC,2021-06-04 19:16:47,21.4612,-71.1419,80.08,80,30,20.09
181,Avarua,CK,2021-06-04 19:16:47,-21.2078,-159.775,77.05,73,20,18.41
182,Petropavlovsk-Kamchatskiy,RU,2021-06-04 19:14:15,53.0452,158.6483,50.59,54,100,8.16
183,Tual,ID,2021-06-04 19:16:47,-5.6667,132.75,81.32,75,100,18.7
184,Half Moon Bay,US,2021-06-04 19:16:48,37.4636,-122.4286,82.11,70,75,8.05
185,Barrow,US,2021-06-04 19:16:48,71.2906,-156.7887,32.02,86,90,11.5
186,Mumbwa,ZM,2021-06-04 19:16:48,-14.9783,27.0619,58.17,71,2,4.47
187,Kapaa,US,2021-06-04 19:12:13,22.0752,-159.319,78.78,86,90,1.99
188,Quatre Cocos,MU,2021-06-04 19:16:49,-20.2078,57.7625,71.1,85,95,18.14
189,Venado Tuerto,AR,2021-06-04 19:16:49,-33.7456,-61.9688,72.9,64,100,4.54
190,Port-Cartier,CA,2021-06-04 19:16:50,50.0334,-66.8654,68.22,57,82,9.37
191,Pacifica,US,2021-06-04 19:16:50,37.6138,-122.4869,84.25,79,75,1.99
192,Saint-Joseph,RE,2021-06-04 19:16:51,-21.3667,55.6167,73.76,81,19,10.07
193,Albanel,CA,2021-06-04 19:16:51,48.8832,-72.4487,73.54,46,97,11.5
194,Norman Wells,CA,2021-06-04 19:16:52,65.282,-126.8329,59.04,58,75,14.97
195,Katobu,ID,2021-06-04 19:16:52,-4.9408,122.5276,75.15,93,93,3.49
196,Vardo,NO,2021-06-04 19:16:52,70.3705,31.1107,50.2,87,0,2.3
197,Kati,ML,2021-06-04 19:16:53,12.7441,-8.0726,92.61,23,81,4.43
198,Bethel,US,2021-06-04 19:16:53,41.3712,-73.414,78.89,57,40,8.05
199,Menongue,AO,2021-06-04 19:16:53,-14.6585,17.691,53.71,32,0,5.64
200,Iqaluit,CA,2021-06-04 19:16:53,63.7506,-68.5145,37.13,74,90,11.99
201,Santa Cruz,BO,2021-06-04 19:13:08,-17.8,-63.1667,84.25,61,75,17.27
202,Cayenne,GF,2021-06-04 19:16:54,4.9333,-52.3333,84.09,81,75,1.99
203,Bolu,TR,2021-06-04 19:16:54,40.6667,31.5833,45.59,93,31,0.76
204,Castro,BR,2021-06-04 19:16:55,-24.7911,-50.0119,72.12,60,0,4.81
205,Sioux Lookout,CA,2021-06-04 19:16:03,50.1001,-91.917,91.78,37,75,11.5
206,Hilo,US,2021-06-04 19:16:55,19.7297,-155.09,84.27,62,90,4.61
207,Puerto Cabello,VE,2021-06-04 19:16:55,10.4731,-68.0125,92.75,88,99,12.44
208,Watertown,US,2021-06-04 19:16:56,42.3709,-71.1828,79.45,76,1,3.0
209,Erenhot,CN,2021-06-04 19:16:56,43.6475,111.9767,60.3,23,9,7.61
210,Banda Aceh,ID,2021-06-04 19:13:26,5.5577,95.3222,75.25,79,100,13.0
211,Avola,IT,2021-06-04 19:16:56,36.9113,15.1395,73.53,62,3,8.19
212,Uige,AO,2021-06-04 19:16:57,-7.6087,15.0613,74.97,46,99,1.88
213,Andapa,MG,2021-06-04 19:16:57,-14.65,49.65,66.29,99,59,1.16
214,Kailua,US,2021-06-04 19:12:01,21.4022,-157.7394,80.58,69,40,8.05
215,Axim,GH,2021-06-04 19:16:57,4.8699,-2.2405,79.88,83,100,8.14
216,Muisne,EC,2021-06-04 19:16:11,0.6,-80.0333,84.31,81,73,8.37
217,Lesmahagow,GB,2021-06-04 19:16:58,55.6367,-3.8874,60.87,59,81,7.14
218,Gwanda,ZW,2021-06-04 19:16:58,-20.9333,29.0,50.88,68,4,6.24
219,Yabelo,ET,2021-06-04 19:16:59,4.8833,38.0833,60.53,78,63,6.31
220,Navirai,BR,2021-06-04 19:16:59,-23.065,-54.1906,86.07,32,0,8.63
221,Upernavik,GL,2021-06-04 19:16:59,72.7868,-56.1549,33.31,80,100,7.43
222,Ahipara,NZ,2021-06-04 19:16:59,-35.1667,173.1667,55.99,85,100,10.31
223,Hay River,CA,2021-06-04 19:15:46,60.8156,-115.7999,64.38,39,40,10.36
224,Berlevag,NO,2021-06-04 19:17:00,70.8578,29.0864,48.0,93,75,2.3
225,Senno,RU,2021-06-04 19:17:00,59.5336,33.9167,54.27,64,1,4.81
226,Tianpeng,CN,2021-06-04 19:17:00,30.9866,103.9393,68.47,64,100,4.36
227,Calvinia,ZA,2021-06-04 19:17:01,-31.4707,19.776,52.92,21,2,4.41
228,Eureka,US,2021-06-04 19:13:18,40.8021,-124.1637,61.93,76,37,5.99
229,Kourou,GF,2021-06-04 19:17:01,5.1552,-52.6478,84.11,78,55,8.05
230,Gat,IL,2021-06-04 19:17:02,31.61,34.7642,71.82,69,0,4.52
231,Lavrentiya,RU,2021-06-04 19:17:02,65.5833,-171.0,32.02,93,100,2.42
232,Bukama,CD,2021-06-04 19:17:02,-9.2,25.85,76.75,46,33,0.87
233,Port Lincoln,AU,2021-06-04 19:17:03,-34.7333,135.8667,54.82,83,56,10.54
234,Ouadda,CF,2021-06-04 19:17:03,8.0777,22.4007,71.04,88,99,0.72
235,Coihaique,CL,2021-06-04 19:17:04,-45.5752,-72.0662,45.21,75,40,6.91
236,Pitimbu,BR,2021-06-04 19:17:04,-7.4706,-34.8086,82.99,68,28,13.71
237,Vaitape,PF,2021-06-04 19:17:04,-16.5167,-151.75,79.97,76,43,9.37
238,Mariental,NA,2021-06-04 19:17:04,-24.6333,17.9667,56.75,32,0,12.15
239,Tongliao,CN,2021-06-04 19:12:46,43.6125,122.2653,59.68,58,100,13.56
240,Takaka,NZ,2021-06-04 19:17:05,-40.85,172.8,51.57,88,67,2.86
241,San Rafael,AR,2021-06-04 19:15:45,-34.6177,-68.3301,63.75,51,11,10.69
242,Aklavik,CA,2021-06-04 19:17:05,68.2191,-135.0107,41.72,87,90,12.66
243,Hurricane,US,2021-06-04 19:17:06,37.1753,-113.2899,102.54,12,53,13.35
244,Airai,TL,2021-06-04 19:17:06,-8.9266,125.4092,57.63,91,53,3.33
245,Camacha,PT,2021-06-04 19:17:06,33.0833,-16.3333,63.82,59,40,14.97
246,Praxedis Guerrero,MX,2021-06-04 19:17:07,31.3667,-106.0167,81.99,24,74,8.08
247,Husavik,IS,2021-06-04 19:17:07,66.0449,-17.3389,55.31,70,100,6.55
248,Ostersund,SE,2021-06-04 19:15:04,63.1792,14.6357,70.25,32,40,3.44
249,Nikolskoye,RU,2021-06-04 19:17:08,59.7035,30.7861,64.29,69,7,2.77
250,Stokmarknes,NO,2021-06-04 19:17:08,68.5646,14.9108,62.56,72,0,13.8
251,Mahibadhoo,MV,2021-06-04 19:17:08,3.7833,72.9667,82.51,78,100,14.76
252,Talnakh,RU,2021-06-04 19:17:09,69.4865,88.3972,31.73,99,100,5.14
253,Khatanga,RU,2021-06-04 19:17:09,71.9667,102.5,32.25,98,100,11.03
254,Constitucion,CL,2021-06-04 19:15:56,-35.3333,-72.4167,59.07,77,100,14.38
255,Terrace,CA,2021-06-04 19:15:10,54.5163,-128.6035,52.43,93,90,6.91
256,Mount Gambier,AU,2021-06-04 19:17:09,-37.8333,140.7667,42.71,75,90,12.66
257,Carnarvon,AU,2021-06-04 19:17:10,-24.8667,113.6333,51.87,87,0,5.75
258,Elko,US,2021-06-04 19:17:10,41.0002,-115.5012,89.62,13,0,4.0
259,Fort Nelson,CA,2021-06-04 19:15:10,58.8053,-122.7002,63.99,34,40,5.75
260,Cherskiy,RU,2021-06-04 19:17:11,68.75,161.3,62.06,42,100,5.3
261,Touros,BR,2021-06-04 19:17:11,-5.1989,-35.4608,83.3,70,8,14.74
262,Port-Gentil,GA,2021-06-04 19:17:11,-0.7193,8.7815,78.76,89,40,11.5
263,Ekpoma,NG,2021-06-04 19:17:12,6.7421,6.139,72.95,90,100,4.94
264,Stornoway,GB,2021-06-04 19:17:12,58.2093,-6.3865,57.92,67,20,14.97
265,Nara,JP,2021-06-04 19:17:12,34.6851,135.8049,65.48,93,100,2.13
266,Marsa Matruh,EG,2021-06-04 19:17:13,31.3525,27.2453,71.8,64,0,11.5
267,Wanning,CN,2021-06-04 19:17:13,18.8003,110.3967,78.1,93,100,5.53
268,Havelock,US,2021-06-04 19:17:13,34.8791,-76.9013,80.55,86,75,10.36
269,San Patricio,US,2021-06-04 19:17:14,28.017,-97.5169,84.29,62,49,3.04
270,Trapani,IT,2021-06-04 19:17:14,37.8333,12.6667,72.91,88,20,7.09
271,Rio Grande,BR,2021-06-04 19:17:14,-32.035,-52.0986,72.95,78,24,5.41
272,Alta Floresta,BR,2021-06-04 19:17:15,-9.8756,-56.0861,94.82,29,20,6.91
273,Maun,BW,2021-06-04 19:17:15,-19.9833,23.4167,58.96,47,0,5.75
274,Bacum,MX,2021-06-04 19:17:15,27.55,-110.0833,97.18,16,0,7.81
275,Oneonta,US,2021-06-04 19:16:49,42.4529,-75.0638,80.64,65,62,1.01
276,Tiarei,PF,2021-06-04 19:17:16,-17.5333,-149.3333,82.42,77,68,14.76
277,Altay,CN,2021-06-04 19:17:16,47.8667,88.1167,59.54,74,75,0.56
278,Yaan,NG,2021-06-04 19:17:16,7.3833,8.5667,78.58,82,56,3.06
279,Wasilla,US,2021-06-04 19:17:17,61.5814,-149.4394,55.38,66,40,4.61
280,Kununurra,AU,2021-06-04 19:13:02,-15.7667,128.7333,75.18,35,81,6.91
281,Booue,GA,2021-06-04 19:17:17,-0.0921,11.9385,74.98,92,41,1.86
282,Chernyshevskiy,RU,2021-06-04 19:17:17,63.0128,112.4714,43.93,92,100,7.81
283,Bubaque,GW,2021-06-04 19:17:18,11.2833,-15.8333,79.29,79,6,19.17
284,Garowe,SO,2021-06-04 19:17:18,8.4054,48.4845,83.43,50,92,20.22
285,Cap Malheureux,MU,2021-06-04 19:17:18,-19.9842,57.6142,71.47,89,66,10.0
286,Peniche,PT,2021-06-04 19:17:19,39.3558,-9.3811,66.74,75,99,21.12
287,Helong,CN,2021-06-04 19:17:19,42.5397,128.9972,52.48,87,100,7.23
288,San Juan De La Vega,MX,2021-06-04 19:17:19,20.6333,-100.7667,67.77,72,98,6.71
289,Simpang,ID,2021-06-04 19:17:20,-1.2667,104.0833,75.13,91,100,2.66
290,Kelvington,CA,2021-06-04 19:17:20,52.1667,-103.5343,80.26,36,91,11.95
291,Dongsheng,CN,2021-06-04 19:17:20,39.8161,109.9776,54.73,27,0,0.72
292,Male,MV,2021-06-04 19:15:41,4.1748,73.5089,82.22,79,100,15.93
293,Clyde River,CA,2021-06-04 19:17:21,70.4692,-68.5914,32.23,86,75,5.75
294,Muros,ES,2021-06-04 19:17:21,42.7762,-9.0603,66.09,54,6,11.45
295,Adeje,ES,2021-06-04 19:17:21,28.1227,-16.726,69.51,58,20,7.0
296,Turbat,PK,2021-06-04 19:17:22,26.0023,63.044,84.09,73,0,11.14
297,Te Anau,NZ,2021-06-04 19:17:22,-45.4167,167.7167,48.85,83,100,6.02
298,Fria,GN,2021-06-04 19:17:22,10.4167,-13.5833,77.63,79,97,7.0
299,Hambantota,LK,2021-06-04 19:17:23,6.1241,81.1185,79.75,83,96,15.19
300,Kupang,ID,2021-06-04 19:17:23,-10.1667,123.5833,75.79,85,26,7.92
301,Oranjemund,NA,2021-06-04 19:17:23,-28.55,16.4333,67.15,31,0,10.74
302,Lakatoro,VU,2021-06-04 19:17:24,-16.0999,167.4164,75.61,78,65,5.86
303,Sawtell,AU,2021-06-04 19:14:18,-30.3833,153.1,53.62,71,21,10.36
304,Asilah,MA,2021-06-04 19:17:24,35.465,-6.0348,73.36,73,0,4.99
305,Formosa Do Rio Preto,BR,2021-06-04 19:17:25,-11.0483,-45.1931,91.45,23,8,8.57
306,Torbay,CA,2021-06-04 19:17:25,47.6666,-52.7314,59.77,95,90,24.16
307,Birin,NP,2021-06-04 19:17:25,26.8865,88.0718,66.22,75,72,2.95
308,Lagoa,PT,2021-06-04 19:17:25,39.05,-27.9833,62.69,85,100,13.91
309,Bonavista,CA,2021-06-04 19:17:26,48.6499,-53.1147,57.2,97,100,18.95
310,Bud,US,2021-06-04 19:17:26,39.447,-86.1758,88.21,42,12,9.95
311,Manzanillo,CU,2021-06-04 19:17:26,20.3433,-77.1167,88.03,55,19,1.95
312,Acajutla,SV,2021-06-04 19:12:46,13.5928,-89.8275,97.14,73,90,5.97
313,Itarema,BR,2021-06-04 19:14:00,-2.9248,-39.9167,82.51,67,1,16.84
314,Grand Gaube,MU,2021-06-04 19:17:27,-20.0064,57.6608,71.38,89,70,10.0
315,Nome,US,2021-06-04 19:17:27,64.5011,-165.4064,35.67,64,90,11.5
316,Moron,AR,2021-06-04 19:14:43,-34.6534,-58.6198,68.02,79,100,4.21
317,Novoagansk,RU,2021-06-04 19:17:28,61.9449,76.6625,42.85,68,68,11.56
318,Dondo,MZ,2021-06-04 19:17:28,-19.6094,34.7431,67.51,73,0,6.02
319,San Ramon,US,2021-06-04 19:12:41,37.7799,-121.978,87.24,49,1,3.0
320,Zhuhai,CN,2021-06-04 19:17:28,22.2769,113.5678,80.69,83,40,10.2
321,Tessalit,ML,2021-06-04 19:17:29,20.1986,1.0114,101.71,6,7,12.28
322,Snezhnogorsk,RU,2021-06-04 19:17:29,69.1933,33.2531,58.78,80,60,8.86
323,Lorengau,PG,2021-06-04 19:17:29,-2.0226,147.2712,81.68,78,24,5.66
324,Aras,ES,2021-06-04 19:17:30,42.5617,-2.356,57.72,70,90,5.12
325,Kumluca,TR,2021-06-04 19:17:30,36.3703,30.2869,72.18,57,61,6.8
326,Kavaratti,IN,2021-06-04 19:17:30,10.5669,72.642,83.07,79,100,16.06
327,Pedasi,PA,2021-06-04 19:17:30,7.5333,-80.0333,83.21,74,100,8.05
328,Kimbe,PG,2021-06-04 19:17:31,-5.5502,150.1429,76.68,95,100,1.86
329,Severo-Kurilsk,RU,2021-06-04 19:17:31,50.6789,156.125,44.51,93,100,12.15
330,Gazanjyk,TM,2021-06-04 19:17:31,39.2446,55.5154,77.49,57,31,11.45
331,Mbigou,GA,2021-06-04 19:17:32,-1.9005,11.906,69.22,96,31,1.68
332,Marrakesh,MA,2021-06-04 19:17:32,31.6315,-8.0083,77.07,47,40,12.66
333,Palmas,BR,2021-06-04 19:17:32,-10.2128,-48.3603,91.27,40,40,5.75
334,Mount Isa,AU,2021-06-04 19:17:33,-20.7333,139.5,60.57,51,78,9.22
335,Clermont,FR,2021-06-04 19:17:33,49.5,2.4167,64.71,95,71,8.84
336,Pochutla,MX,2021-06-04 19:17:33,15.7432,-96.4661,91.81,50,75,6.69
337,Ulaangom,MN,2021-06-04 19:17:34,49.9811,92.0667,63.75,66,100,1.07
338,Kamaishi,JP,2021-06-04 19:17:34,39.2667,141.8833,58.21,92,100,6.2
339,Atherton,GB,2021-06-04 19:17:34,53.5237,-2.4935,65.75,59,72,6.53
340,Diu,IN,2021-06-04 19:17:34,20.7141,70.9822,84.13,76,1,11.97
341,Shihezi,CN,2021-06-04 19:17:35,44.3,86.0333,71.13,57,100,11.83
342,Lithgow,AU,2021-06-04 19:17:35,-33.4833,150.15,37.47,95,17,2.42
343,Thompson,CA,2021-06-04 19:16:19,55.7435,-97.8558,66.36,63,20,8.05
344,Moerai,PF,2021-06-04 19:17:36,-22.4333,-151.3333,76.73,79,8,7.23
345,Baker City,US,2021-06-04 19:17:36,44.7749,-117.8344,80.92,38,1,5.75
346,Syracuse,IT,2021-06-04 19:14:13,37.0881,15.2792,75.88,62,3,9.24
347,Bilibino,RU,2021-06-04 19:17:36,68.0546,166.4372,56.7,46,100,6.6
348,Rio Gallegos,AR,2021-06-04 19:17:37,-51.6226,-69.2181,32.05,93,75,11.5
349,Furano,JP,2021-06-04 19:17:37,43.2818,142.4743,46.09,95,92,2.68
350,Gravdal,NO,2021-06-04 19:17:37,68.1214,13.5031,62.28,71,0,9.22
351,Bahia Blanca,AR,2021-06-04 19:16:47,-38.7196,-62.2724,63.05,46,100,7.49
352,Mazamari,PE,2021-06-04 19:17:38,-11.3258,-74.5308,81.84,65,84,2.68
353,Maldonado,UY,2021-06-04 19:17:38,-34.6667,-54.9167,65.59,85,99,3.78
354,Sayyan,YE,2021-06-04 19:17:38,15.1718,44.3244,67.12,21,60,6.46
355,Fairbanks,US,2021-06-04 19:17:39,64.8378,-147.7164,65.1,55,90,9.22
356,Galveston,US,2021-06-04 19:17:39,29.3669,-94.9669,79.0,93,90,7.02
357,Bhatkal,IN,2021-06-04 19:17:39,13.9667,74.5667,78.26,91,100,11.3
358,Garden City,US,2021-06-04 19:17:11,42.3256,-83.331,89.87,42,75,5.01
359,Isangel,VU,2021-06-04 19:17:40,-19.55,169.2667,72.03,73,78,9.31
360,Urucara,BR,2021-06-04 19:17:40,-2.5364,-57.76,83.62,76,100,4.7
361,Kayseri,TR,2021-06-04 19:17:40,38.737,35.4968,60.82,48,40,6.91
362,Rockhampton,AU,2021-06-04 19:14:29,-23.3833,150.5,48.09,87,23,1.14
363,Oyama,JP,2021-06-04 19:17:41,36.3,139.8,71.58,90,100,2.33
364,Arcachon,FR,2021-06-04 19:17:41,44.5875,-1.0519,61.41,77,0,6.91
365,Ixtapa,MX,2021-06-04 19:17:42,20.7,-105.2,87.22,58,1,5.75
366,Lieto,FI,2021-06-04 19:17:42,60.5103,22.4618,64.67,52,0,1.61
367,Itoman,JP,2021-06-04 19:17:42,26.1247,127.6694,80.98,94,20,14.97
368,Luanda,AO,2021-06-04 19:13:04,-8.8368,13.2343,78.8,83,75,9.22
369,Isiolo,KE,2021-06-04 19:17:43,0.3546,37.5822,70.75,68,67,13.11
370,Killybegs,IE,2021-06-04 19:17:43,54.6333,-8.45,62.31,76,98,10.49
371,Fort Morgan,US,2021-06-04 19:17:22,40.2503,-103.8,85.8,24,1,0.0
372,Mpika,ZM,2021-06-04 19:17:43,-11.8343,31.4529,58.51,81,0,9.75
373,Igarka,RU,2021-06-04 19:17:44,67.4667,86.5833,32.85,97,100,10.29
374,Tevaitoa,PF,2021-06-04 19:17:44,-16.7833,-151.5,79.86,78,46,11.27
375,Dharchula,IN,2021-06-04 19:17:44,29.85,80.5333,70.2,57,2,5.14
376,Dong Hoi,VN,2021-06-04 19:17:45,17.4833,106.6,80.8,90,100,4.65
377,Bathsheba,BB,2021-06-04 19:17:45,13.2167,-59.5167,86.61,58,40,19.89
378,Leua,SK,2021-06-04 19:17:45,48.2156,18.6071,62.11,78,7,0.56
379,Acapulco,MX,2021-06-04 19:15:18,16.8634,-99.8901,89.42,66,90,9.57
380,Margate,GB,2021-06-04 19:17:47,51.3813,1.3862,57.22,91,100,1.99
381,Makasar,ID,2021-06-04 19:17:47,-5.14,119.4221,75.25,94,20,5.08
382,Hervey Bay,AU,2021-06-04 19:17:48,-25.2986,152.8535,55.04,79,0,1.01
383,Doume,CM,2021-06-04 19:17:48,4.2333,13.45,71.64,90,100,2.44
384,Bahia Honda,CU,2021-06-04 19:17:48,22.9036,-83.1592,83.5,69,73,8.61
385,West Plains,US,2021-06-04 19:17:49,36.7281,-91.8524,82.22,50,75,1.01
386,Vostok,RU,2021-06-04 19:17:49,46.4856,135.8833,44.8,96,82,3.83
387,Koidu,SL,2021-06-04 19:17:49,8.4167,-10.8333,75.51,97,100,3.06
388,Vorukh,TJ,2021-06-04 19:17:50,39.8494,70.5838,70.54,30,0,7.4
389,Okhotsk,RU,2021-06-04 19:17:50,59.3833,143.3,39.45,91,2,1.16
390,Quang Ngai,VN,2021-06-04 19:17:50,15.1167,108.8,78.12,84,100,2.98
391,Kaitangata,NZ,2021-06-04 19:17:51,-46.2817,169.8464,50.94,60,95,5.5
392,Regeneracao,BR,2021-06-04 19:17:51,-6.2378,-42.6883,95.5,27,6,6.11
393,Ndele,CF,2021-06-04 19:17:51,8.4109,20.6473,72.61,80,72,4.25
394,Magdalena,PH,2021-06-04 19:17:52,14.1999,121.429,81.72,92,99,3.02
395,Dillon,US,2021-06-04 19:17:52,34.4166,-79.3712,88.9,64,100,7.87
396,Aripuana,BR,2021-06-04 19:17:52,-9.1667,-60.6333,93.81,32,100,3.09
397,Zaozerne,UA,2021-06-04 19:17:52,45.1582,33.2787,58.95,82,100,10.22
398,Yonezawa,JP,2021-06-04 19:17:53,37.9167,140.1167,58.89,98,100,3.6
399,Kuching,MY,2021-06-04 19:17:53,1.55,110.3333,79.02,94,40,4.61
400,Sambava,MG,2021-06-04 19:17:53,-14.2667,50.1667,73.4,88,11,6.85
401,Griffith,US,2021-06-04 19:15:21,41.5284,-87.4237,91.33,33,1,5.01
402,Norfolk,US,2021-06-04 19:15:10,42.1668,-71.2495,80.06,81,75,10.36
403,Roald,NO,2021-06-04 19:17:54,62.5833,6.1333,66.16,82,0,3.44
404,Patria,PH,2021-06-04 19:17:54,11.7403,122.0171,81.75,86,100,7.05
405,Baykit,RU,2021-06-04 19:17:55,61.67,96.37,35.44,95,14,3.62
406,Chengde,CN,2021-06-04 19:17:55,40.9725,117.9361,54.97,56,0,3.4
407,Zhezkazgan,KZ,2021-06-04 19:17:56,47.8043,67.7144,55.51,57,100,25.19
408,Addis Abeba,ET,2021-06-04 19:15:49,9.025,38.7469,63.23,38,74,5.61
409,Jalu,LY,2021-06-04 19:17:56,29.0331,21.5482,87.82,22,0,10.31
410,Severodvinsk,RU,2021-06-04 19:13:16,64.5635,39.8302,59.11,56,65,7.4
411,Biu,NG,2021-06-04 19:17:57,10.6129,12.1946,78.24,52,100,3.6
412,Linfen,CN,2021-06-04 19:17:57,36.0889,111.5189,72.73,20,54,2.3
413,Olinda,BR,2021-06-04 19:17:57,-8.0089,-34.8553,80.33,65,75,11.56
414,Ovre Ardal,NO,2021-06-04 19:17:58,61.3167,7.8,63.48,54,96,5.03
415,Fuerte Olimpo,PY,2021-06-04 19:17:58,-21.0415,-57.8738,96.46,22,0,12.68
416,Shimoda,JP,2021-06-04 19:17:58,34.6667,138.95,69.12,88,85,10.2
417,Czersk,PL,2021-06-04 19:17:59,53.7959,17.9765,66.54,84,97,10.16
418,Chunskiy,RU,2021-06-04 19:17:59,56.0815,99.6342,58.73,97,100,2.89
419,Mulanje,MW,2021-06-04 19:17:59,-16.0316,35.5,62.22,77,78,5.64
420,Laem Sing,TH,2021-06-04 19:18:00,12.4816,102.0738,86.05,99,66,6.08
421,Karratha,AU,2021-06-04 19:18:00,-20.7377,116.8463,70.14,48,94,9.06
422,Ruteng,ID,2021-06-04 19:18:00,-8.6136,120.4721,61.61,94,34,1.19
423,Rolla,US,2021-06-04 19:18:01,37.9514,-91.7713,85.23,42,40,1.01
424,Sisimiut,GL,2021-06-04 19:18:01,66.9395,-53.6735,45.19,63,44,2.62
425,Porto Novo,BJ,2021-06-04 19:18:02,6.4965,2.6036,80.42,78,100,5.68
426,Shahreza,IR,2021-06-04 19:18:02,32.0339,51.8794,82.49,8,0,6.46
427,Juneau,US,2021-06-04 19:15:10,58.3019,-134.4197,52.84,89,90,2.04
428,Daru,PG,2021-06-04 19:18:03,-9.0763,143.2092,77.56,78,92,12.06
429,Mocorito,MX,2021-06-04 19:18:03,25.4833,-107.9167,97.27,17,0,6.24
430,Fraijanes,GT,2021-06-04 19:18:03,14.4653,-90.4408,78.87,62,40,2.62
431,Puerto Escondido,MX,2021-06-04 19:18:04,15.85,-97.0667,88.63,70,40,9.22
432,Ilhabela,BR,2021-06-04 19:18:04,-23.7781,-45.3581,74.03,82,6,7.0
433,Denpasar,ID,2021-06-04 19:17:52,-8.65,115.2167,80.26,94,20,5.41
434,Znamenskoye,RU,2021-06-04 19:18:05,57.1281,73.8282,39.85,60,0,6.67
435,Atar,MR,2021-06-04 19:18:05,20.5169,-13.0499,100.13,17,7,15.1
436,Raudeberg,NO,2021-06-04 19:18:05,61.9875,5.1352,64.0,83,100,10.31
437,La Sarre,CA,2021-06-04 19:15:46,48.8002,-79.1996,65.91,56,86,5.57
438,Geraldton,AU,2021-06-04 19:18:06,-28.7667,114.6,50.41,87,0,6.24
439,Darlawn,IN,2021-06-04 19:18:06,24.0167,92.9,67.14,98,16,2.84
440,Nattam,IN,2021-06-04 19:18:06,10.2333,78.2333,80.06,81,100,6.13
441,Andra,RU,2021-06-04 19:18:07,62.5147,65.8878,51.39,58,7,6.35
442,Bodden Town,KY,2021-06-04 19:18:07,19.2833,-81.25,88.0,56,75,5.01
443,Newport,GB,2021-06-04 19:17:59,51.5877,-2.9984,64.17,63,77,5.84
444,Necochea,AR,2021-06-04 19:18:02,-38.5473,-58.7368,57.04,73,100,5.21
445,Horsham,GB,2021-06-04 19:18:08,51.064,-0.3272,61.65,80,75,5.95
446,Bandarbeyla,SO,2021-06-04 19:18:08,9.4942,50.8122,79.2,85,0,25.81
447,Tocopilla,CL,2021-06-04 19:18:08,-22.092,-70.1979,66.31,72,96,1.79
448,Fort Saint James,CA,2021-06-04 19:18:09,54.4333,-124.25,61.5,39,100,9.35
449,Bambanglipuro,ID,2021-06-04 19:18:09,-7.95,110.2833,55.6,92,12,2.86
450,Poum,NC,2021-06-04 19:18:09,-20.2333,164.0167,74.46,68,40,3.6
451,Ilulissat,GL,2021-06-04 19:18:10,69.2167,-51.1,55.42,30,20,23.02
452,Waipawa,NZ,2021-06-04 19:18:10,-41.4122,175.5153,53.46,91,57,6.53
453,San Juan Evangelista,MX,2021-06-04 19:18:10,17.9,-95.1333,96.12,37,28,0.69
454,Maniitsoq,GL,2021-06-04 19:18:11,65.4167,-52.9,43.12,67,100,3.18
455,Tungor,RU,2021-06-04 19:18:11,53.3808,142.9564,39.7,98,100,22.17
456,Hami,CN,2021-06-04 19:18:11,42.8,93.45,83.46,24,12,12.06
457,Morgantown,US,2021-06-04 19:16:43,39.6295,-79.9559,81.97,55,20,5.12
458,Sitka,US,2021-06-04 19:18:12,57.0531,-135.33,53.49,58,90,9.22
459,Ewa Beach,US,2021-06-04 19:17:03,21.3156,-158.0072,80.55,62,40,5.99
460,Xudat,AZ,2021-06-04 19:18:12,41.631,48.681,63.66,73,0,5.88
461,Omsukchan,RU,2021-06-04 19:18:12,62.5333,155.8,39.97,83,49,8.03
462,Kholm,RU,2021-06-04 19:18:13,59.2667,32.85,58.06,66,0,4.36
463,Mgandu,TZ,2021-06-04 19:18:13,-5.95,34.1333,67.95,56,66,8.12
464,Port Hardy,CA,2021-06-04 19:18:13,50.6996,-127.4199,59.18,67,90,4.61
465,Champerico,GT,2021-06-04 19:18:14,14.3,-91.9167,91.76,68,7,8.77
466,Lafia,NG,2021-06-04 19:18:14,8.4833,8.5167,81.34,75,100,4.85
467,Nikolayevka,RU,2021-06-04 19:18:15,53.1257,47.2041,53.91,98,100,14.85
468,Hualmay,PE,2021-06-04 19:18:15,-11.0964,-77.6139,69.84,68,8,10.83
469,Foumban,CM,2021-06-04 19:18:15,5.7291,10.9001,64.85,94,100,1.14
470,Bon Air,US,2021-06-04 19:18:16,37.5249,-77.5578,87.75,61,100,5.01
471,Broken Hill,AU,2021-06-04 19:18:16,-31.95,141.4333,40.71,93,40,0.0
472,Kutum,SD,2021-06-04 19:18:16,14.2,24.6667,82.94,24,4,16.35
473,Beira,MZ,2021-06-04 19:18:17,-19.8436,34.8389,68.09,68,75,6.91
474,Kieta,PG,2021-06-04 19:18:17,-6.2167,155.6333,78.46,87,100,0.45
475,Waiuku,NZ,2021-06-04 19:18:17,-37.25,174.75,54.32,96,27,4.72
476,Kyren,RU,2021-06-04 19:18:18,51.6828,102.1408,60.3,55,42,2.55
477,Aberdeen,GB,2021-06-04 19:17:36,57.1437,-2.0981,62.55,67,57,12.66
478,Zhangye,CN,2021-06-04 19:18:18,38.9342,100.4517,69.46,13,0,5.84
479,Abalak,RU,2021-06-04 19:18:18,58.1286,68.5944,42.78,60,0,5.93
480,Suhut,TR,2021-06-04 19:18:19,38.5311,30.5458,51.13,70,4,6.11
481,Isabela,PH,2021-06-04 19:18:19,6.7085,121.9711,78.89,86,100,3.18
482,Honolulu,US,2021-06-04 19:14:59,21.3069,-157.8583,80.42,65,75,1.99
483,Lieksa,FI,2021-06-04 19:18:20,63.3167,30.0167,58.37,62,43,7.25
484,Ikom,NG,2021-06-04 19:18:20,5.9667,8.7063,77.74,88,100,4.81
485,Mayo,US,2021-06-04 19:18:20,38.8876,-76.5119,87.22,70,1,1.01
486,Pasni,PK,2021-06-04 19:18:21,25.2631,63.471,83.57,82,26,7.05
487,Weiz,AT,2021-06-04 19:18:21,47.2167,15.6167,69.85,90,100,2.51
488,Vacaria,BR,2021-06-04 19:14:52,-28.5122,-50.9339,74.71,67,0,5.59
489,San Francisco Menendez,SV,2021-06-04 19:18:21,13.8431,-90.0158,95.07,64,51,8.59
490,Tayoltita,MX,2021-06-04 19:18:22,24.0833,-105.9333,87.04,28,20,7.61
491,Rivne,UA,2021-06-04 19:18:22,50.6231,26.2274,59.54,64,99,4.88
492,Kanker,IN,2021-06-04 19:18:22,20.2719,81.4931,82.58,58,40,3.65
493,Bulgan,MN,2021-06-04 19:18:23,48.8125,103.5347,58.14,37,47,3.11
494,Kirkuk,IQ,2021-06-04 19:18:23,35.4681,44.3922,86.52,13,0,6.49
495,Vanavara,RU,2021-06-04 19:18:23,60.34,102.2797,45.46,93,100,2.68
496,Izumo,JP,2021-06-04 19:18:23,35.3667,132.7667,57.15,71,100,7.25
497,Svetlaya,RU,2021-06-04 19:18:24,46.5389,138.3297,48.33,88,5,6.44
498,Ngaoundere,CM,2021-06-04 19:18:24,7.3167,13.5833,65.35,94,100,2.01
499,Ankang,CN,2021-06-04 19:18:24,32.68,109.0172,63.54,69,0,1.61
500,Mirnyy,RU,2021-06-04 19:18:25,62.5353,113.9611,46.85,65,100,13.06
501,College,US,2021-06-04 19:18:25,64.8569,-147.8028,64.47,55,75,6.91
502,Gasa,PS,2021-06-04 19:18:26,31.5,34.4667,72.91,65,0,5.55
503,Odessa,UA,2021-06-04 19:18:26,46.4775,30.7326,58.93,72,0,4.47
504,Houma,US,2021-06-04 19:15:48,29.5958,-90.7195,82.99,75,75,11.5
505,Alice Springs,AU,2021-06-04 19:18:26,-23.7,133.8833,42.35,81,100,5.93
506,Auki,SB,2021-06-04 19:18:27,-8.7676,160.7034,76.89,85,100,2.89
507,Wuzhou,CN,2021-06-04 19:18:27,23.4833,111.3167,69.1,83,100,1.88
508,Cape Canaveral,US,2021-06-04 19:17:13,28.4058,-80.6048,86.18,87,1,12.66
509,Baie-Comeau,CA,2021-06-04 19:14:13,49.2168,-68.1489,64.08,68,99,8.77
510,Yeniseysk,RU,2021-06-04 19:18:28,58.4497,92.1703,46.8,69,100,4.16
511,Asyut,EG,2021-06-04 19:18:28,27.181,31.1837,82.58,21,0,16.73
512,Calderitas,MX,2021-06-04 19:18:28,18.55,-88.25,91.99,66,40,20.71
513,Wollongong,AU,2021-06-04 19:18:29,-34.4333,150.8833,49.75,77,3,9.26
514,Hokitika,NZ,2021-06-04 19:18:29,-42.7167,170.9667,51.48,78,100,7.81
515,Neuquen,AR,2021-06-04 19:18:30,-38.9516,-68.0591,58.89,44,75,12.66
516,Benguela,AO,2021-06-04 19:18:30,-12.5763,13.4055,74.52,84,3,2.66
517,Jaragua,BR,2021-06-04 19:18:30,-15.7569,-49.3344,84.42,22,4,11.25
518,Ostrovnoy,RU,2021-06-04 19:18:30,68.0531,39.5131,48.06,73,31,5.39
519,Vestmanna,FO,2021-06-04 19:18:31,62.1564,-7.1664,47.32,100,90,13.53
520,Yala,TH,2021-06-04 19:18:31,6.3333,101.25,75.43,96,100,2.39
521,Sembe,CG,2021-06-04 19:18:31,1.6481,14.5806,75.11,84,85,2.89
522,Yulara,AU,2021-06-04 19:18:32,-25.2406,130.9889,39.04,81,0,5.75
523,Wahiawa,US,2021-06-04 19:18:32,21.5028,-158.0236,77.32,75,78,8.08
524,Tambovka,RU,2021-06-04 19:18:33,50.0969,128.0489,50.11,98,100,7.56
525,Vila Franca Do Campo,PT,2021-06-04 19:18:33,37.7167,-25.4333,64.81,64,100,6.82
526,Kavieng,PG,2021-06-04 19:18:33,-2.5744,150.7967,82.06,77,38,9.31
527,Alekseyevsk,RU,2021-06-04 19:18:34,57.8406,108.3492,58.77,59,98,1.72
528,Tilichiki,RU,2021-06-04 19:18:34,60.4667,166.1,42.13,83,98,3.27
529,Bac Lieu,VN,2021-06-04 19:18:34,9.285,105.7244,82.78,81,100,9.93
530,Qaqortoq,GL,2021-06-04 19:18:34,60.7167,-46.0333,55.9,64,100,6.69
531,Hammonton,US,2021-06-04 19:16:25,39.6365,-74.8024,84.52,72,100,9.06
532,Vao,NC,2021-06-04 19:18:35,-22.6667,167.4833,72.43,77,58,13.4
533,Inirida,CO,2021-06-04 19:18:35,3.8653,-67.9239,82.85,84,33,2.73
534,Gizo,SB,2021-06-04 19:18:36,-8.103,156.8419,81.59,79,62,6.11
535,Neryungri,RU,2021-06-04 19:18:36,56.6709,124.6491,47.08,69,0,1.48
536,Ozernovskiy,RU,2021-06-04 19:18:37,51.5,156.5167,46.51,76,100,10.96
537,Chistogorskiy,RU,2021-06-04 19:18:37,53.9835,87.3843,57.74,99,100,4.9
538,Shahrud,IR,2021-06-04 19:18:37,36.4182,54.9763,79.93,34,94,11.88
539,Seguela,CI,2021-06-04 19:18:38,7.9611,-6.6731,84.34,56,18,4.38
540,Katherine,AU,2021-06-04 19:18:38,-14.4667,132.2667,61.12,59,8,8.5
541,Vangaindrano,MG,2021-06-04 19:18:38,-23.35,47.6,70.65,93,55,7.92
542,Sangar,RU,2021-06-04 19:18:39,63.9242,127.4739,59.95,64,89,9.35
543,Sur,OM,2021-06-04 19:18:39,22.5667,59.5289,90.55,55,0,8.39
544,Seydi,TM,2021-06-04 19:18:39,39.4816,62.9137,94.89,11,99,4.34
545,Bilma,NE,2021-06-04 19:18:40,18.6853,12.9164,98.49,11,5,9.78
546,Beatrice,US,2021-06-04 19:18:40,40.2681,-96.747,91.04,31,40,9.22
547,Saint-Augustin,CA,2021-06-04 19:18:40,51.226,-58.6502,61.52,72,60,13.78
548,Ngunguru,NZ,2021-06-04 19:18:41,-35.6167,174.5,54.16,72,72,11.27
549,Fairhope,US,2021-06-04 19:18:41,30.523,-87.9033,85.87,73,75,0.0
550,Kudahuvadhoo,MV,2021-06-04 19:18:42,2.6708,72.8944,82.99,75,100,16.31
551,Colesberg,ZA,2021-06-04 19:18:42,-30.72,25.0972,45.25,22,8,7.07
552,Xining,CN,2021-06-04 19:18:42,36.6167,101.7667,54.39,30,50,2.89
553,Ghorawal,IN,2021-06-04 19:18:43,24.7667,82.7833,90.0,42,91,8.72
554,Safaga,EG,2021-06-04 19:18:43,26.7292,33.9365,84.15,29,0,21.07
555,Nizwa,OM,2021-06-04 19:18:43,22.9333,57.5333,93.97,20,0,5.7
556,Martapura,ID,2021-06-04 19:18:44,-3.4167,114.85,77.09,94,4,2.55
557,Bratsk,RU,2021-06-04 19:18:44,56.1325,101.6142,55.89,96,100,4.25
558,Ormara,PK,2021-06-04 19:18:44,25.2088,64.6357,83.89,78,64,4.99
559,Fatehpur,IN,2021-06-04 19:18:45,25.9333,80.8,94.82,34,90,9.15
560,Chuka,KE,2021-06-04 19:18:45,-0.3332,37.6459,64.0,85,89,3.51
561,Muroto,JP,2021-06-04 19:18:45,33.2833,134.15,71.17,86,100,5.17
562,Comodoro Rivadavia,AR,2021-06-04 19:15:01,-45.8667,-67.5,49.86,57,75,16.11
563,Port Keats,AU,2021-06-04 19:18:46,-14.25,129.55,72.07,42,32,12.3
564,Fayaoue,NC,2021-06-04 19:18:46,-20.65,166.5333,75.36,76,88,9.44
565,Nouakchott,MR,2021-06-04 19:14:54,18.0858,-15.9785,84.13,59,7,20.51
566,Jamsa,FI,2021-06-04 19:18:46,61.8642,25.19,70.52,68,90,4.18
567,Tomatlan,MX,2021-06-04 19:18:47,19.9333,-105.25,95.9,38,61,8.59
568,Vestmannaeyjar,IS,2021-06-04 19:18:47,63.4427,-20.2734,49.19,93,90,9.22
569,Roebourne,AU,2021-06-04 19:18:47,-20.7833,117.1333,70.2,47,89,10.09
570,Abu Dhabi,AE,2021-06-04 19:18:37,24.4667,54.3667,89.71,79,0,14.25
571,Rio De Janeiro,BR,2021-06-04 19:16:02,-22.9028,-43.2075,80.55,78,20,11.5
572,Lugovoy,KZ,2021-06-04 19:18:48,42.9472,72.7644,72.55,35,7,11.72
